,Text,Response
3,"Отметили с мужем годовщину свадьбы 6 ноября в этом заведении. в целом остались довольны, особенно сервисом. Встретила нас прямо у входа девушка, проводила до нашего столика, весь персонал нам улыбался и здоровался. для цветов наш официант Сергей сразу принес вазу. Что касается меню, не могу сказать что оно слишком разнообразное. Мы заказали утку по-пекински, 2 салата, свинину в кисло-сладком соусе, еще какую то свинину, кальян, бутылку вина и один десерт и вышло нам все это на 5500. Утка оказалась очень маленькой, хотя нам сказали, что 4 человека просто объедятся и упадут=)Но впринципе мы наелись вдвоем и достатолчно вкусно. Свинина мне не понравилась. Раньше в других ресторанах я ела намного вкуснее. На мой взгляд ресторан не из дешевых, цены как в европейском меню и порции такие же, как европейские. Хоть осталось неплохое впечатление, но снова туда не пойдем, восторга не возникло, несмотря на отличное обслуживание. Ожидала более вкусной еды...","меню: не слишком разнообразное: нейтрально
обслуживание: отличное: положительно 
утка: маленькая: негативно 
свинина: не понравилась: негативно
ресторан: не из дешевых: нейтрально
впечатление: неплохое: нейтрально"
4,"Ребята, вы - лучшие! Недавно были небольшой дружной компанией, понравилось абсолютно все! Из меню я пробовала салат с рыбой - ооочень вкусно, друзья брали и холодные закуски и горЯчее, все остались довольны, действительно достойная русская кухня! Прекрасный, уютный интерьер, музыка просто слух радовала... Персонал весь очень приветливый - и администратор и официанты, сервис на уровне, абсолютно ничего не напрягало и вечер прошел на ""ура""! Хоть и живем от вас не близко, думаю, в гости заглянем снова!","
персонал: приветливый: положительно 
сервис: на уровне: положительно 
интерьер: прекрасный, уютный: положительно 
музыка: просто слух радовала: положительно"
5,"Зашла в ресторан первое впечатление отличное, но правда, что сразу не понравилось это то, что заранее заказали столик у окна, но нас посадили в самое ужасное место! Официанты очень приятные, не навязчивые, сервис отличный! Что касается кухни, честно, мне не понравилось(( мясо ждали минут30, если не больше.... интерьер отлиный, персонал тоже, но кухня не вкусная","
первое впечатление: отличное: положительно 
столик: заранее заказали у окна, посадили в самое ужасное место: негативно 
официанты: приятные, не навязчивые: положительно 
сервис: отличный: положительно 
кухня: мясо ждали минут30, не вкусная: негативно 
интерьер: отлиный: положительно"
6,"Были вчера компанией 6 человек в ""Суп-вино"". Столик бронировали заранее, что, думаю, всегда стоит делать в таким небольших ресторанах. Хочется сказать, что мы остались очень довольны. Интерьер приятный, абсолютно ненавязчивый, уютный, высокие столики удобны, музыка тихая, не мешает общаться. Меню интересное, всё очень вкусно, приемлемо по цене, готовится очень быстро!!! Много комментариев про плохое обслуживание, но они все старые, а вот нас обслуживал очень приятный молодой человек , вежливый и с чувством юмора. Блюда менялись незаметно, напитки принесли сразу же после заказа. Мы отлично провели время, с удовольствием придём еще!!!","
Интерьер: приятный, уютный, высокие столики удобны, музыка тихая: положительно 
Меню: интересное, всё очень вкусно, приемлемо по цене: положительно 
Обслуживание: вежливый, с чувством юмора: положительно"
7,"Добрый день! Мы с молодым человеком любим открывать новые места..разные рестораны..особенно итальянские. Были во многих уже. Нашла по рейтингу ресторан, пришли, все гости сидели на террасе (лето все таки), а мы сели внутри (поближе к конждиционеру)). Интерьер очень уютный. Сидели прямо напротив кухни (где пиццу готовят) около окна. Есть отзывы, что пахнет кухней..но я не особо заметила..да и легкий аромат пиццы думаю только аппетита прибавит) Начиталась отзывов, что хорошая пицца - взяли именно ее, и остались очень довольны!! Во всех итальянских ресторанах беру тирамису, хлебную козинку и ...захожу в туалет. Таким образом я ставлю оценку заведению. Хлеб должен быть свежий, тираму таять во рту, а на туалетах не должны экономить!! Все понравилось, десерт волшебный! Мило посидели, в окно видела Спас на крови...романтик) Официантка вежливая очень. Напитки принесла быстро...да и еду совсем не пришлось ждать! в общем большое спасибо за атмосферу и угощения. Обязательно придем еще!","
интерьер: очень уютный: положительно 
пицца: довольны: положительно 
хлеб: свежий: положительно 
тирамису: таять во рту: положительно 
туалеты: чистые: положительно 
десерт: волшебный: положительно 
официантка: вежливая: положительно"
8,"Добрый вечер! Начну сразу, мне ужасно не понравилось, такого отношения в ресторанах я давненько не встречала, Пришла наша компания восемь вечера, наш забронированный столик оказался занят,с нами не поздоровались,предложили другой столик, на весь ресторан работал один официант, наши блюда мы ждали час, притом. что для компании которая пришла позже нас, все подали в течение 15 минут,настроение на нуле...и обещанное одеяло на ДР мы не получили, сказали надо предупреждать о ДР! интересно как это нужно делать, я же бронировала столик на ДР, КАК ЕЩЕ ПРЕДУПРЕДИТЬ?????? Двоякое впечатление о месте... Могу отметить, что сама обстановка и интерьер приятные, еда довольно вкусная, но вот обслуживание на минусе, даже не хотелось оставлять чай...и это был др(((((","
Обслуживание: на минусе: негативно 
еда: довольно вкусная: положительно 
ощущение: двоякое: нейтрально
обстановка: приятная: положительно 
интерьер: приятный: положительно"
11,"Буквально на днях отмечали с мужем наш небольшой юбилей - 2 года. Выбрали для романтического вечера Макарену и очень довольны выбором! Меню отменное, столько всего, что решили заходить почаще чтобы попробовать разные блюда. Коктейли очень вкусные и необычные, есть из чего выбрать. Заказывали салаты из языка и морепродуктов и паэлью с курицей и кроликом. Все очень вкусно и сытно, порции большие, объелись! Отличный кальян, сполна насладились, прекрасный молодой человек кальянщик, приветливый, помог определиться с выбором и не прогадал! Красивый интерьер, были на втором этаже у окна. Музыка понравилась, не давит громкостью как во многих заведениях, а создает уютную романтичную атмосферу. Персонал дружелюбный, все улыбаются, постоянно подходят убирают со стола, предложили оформить накопительную скидку, что очень даже неплохо! В общем, спасибо за прекрасный вечер! Теперь мы ваши постоянные клиенты!","
меню: отменное: положительно 
коктейли: вкусные, необычные: положительно 
салаты: вкусно, сытно: положительно 
паэлью: вкусно, сытно: положительно 
кальян: отличный: положительно 
кальянщик: приветливый: положительно 
интерьер: красивый: положительно 
музыка: понравилась: положительно 
персонал: дружелюбный: положительно"
12,"Отличное кафе!!!! Отмечала в нем свой день рождения с друзьями. Все было замечательно - вкусная и обильная еда, большие блюда, обстановка, вежливая администратор Александра. Небольшое уютное кафе. Очень низкие цены (и это с учетом того, что место находится на Невском проспекте). Я уже не первый раз сюда хожу и всегда очень довольна. Очень вкусные хачапури с сыром, вкусный лосось (кусок очень большой и сытный). И много другой вкусной еды. У меня все друзья решили сюда прийти еще не раз. Если говорить о минусах: Минус, пожалуй, один: Внизу не очень красивый антураж. ПО крайней мере, мне не очень нравится. Но, наверное, это на любителя. На верхнем этаже все супер!!!! НО зато внизу можно попеть караоке! Есть ооочень вкусный кальян. В общем, порекомендую это место всем тем, кто хочет вкусно, сытно и не очень дорого отметить какой-нибудь праздник или просто посидеть вдвоем в уютной обстановке. Очень-очень довольна!!!!","кафе: отличное: положительно 
еда: вкусная, обильная: положительно 
блюда: большие: положительно 
обстановка: уютная: положительно 
администратор Александра: вежливый: положительно 
цены: низкие: положительно 
хачапури: вкусные: положительно 
лосось: вкусный: положительно 
кальян: вкусный: положительно"
13,"В эти выходные отмечала день рождения в этом ресторане.Столик заказала заранее,попросила посадить поуютнее-не разочаровали,посадили именно туда куда и хотели.Интерьер очень приятный,играет спокойная музыка.Кухня очень понравилась,особенно мясо (говядина с рукколой) и десерты(грушевый наполеон).Все гости остались очень довольны,спасибо большое!!! С обслуживанием повезло,попалась милая девушка,которая подробно рассказывала и отвечала на все вопросы с улыбкой. Придем еще обязательно!","
обслуживание: повезло, милая девушка: положительно 
кухня: очень понравилась: положительно 
десерты: грушевый наполеон: положительно 
интерьер: очень приятный: положительно"
14,"В пятницу отмечали свадьбу в этом ресторане. Т. к. гостей было немного, то просто заказали столик. Отлично провели время. Хорошая кухня и обслуживание, приятная атмосфера. Очень порадовал подарок от шеф-повара для молодых. Спасибо вам большое! Всем советую сходить туда, цены приемлемые.А вечером в пятницу и в субботу танцевальное шоу и живая музыка.","
кухня: хорошая: положительно 
обслуживание: хорошее: положительно 
атмосфера: приятная: положительно 
подарок от шеф-повара: порадовал: положительно 
цены: приемлемые: положительно"
15,"была там последний раз где то месяц назад в часа 4!столы были почти все заняты,заказала суп,несли не долго и было вкусно,на кухню там не когда не жаловалась,всегда приносят комплимент от шеф повара,а что касается спагетти,можно заказать пол порции если есть не особо хочется!сам ресторан не очень большой,интерьер довольно приятный,как то там все уютно!но есть огромный минус,ресторан находится на улице восстания и к сожалению,там не где парковаться и очень сложно найти место хотя бы поблизости,причем что днем,что вечером!","
столы: почти все заняты: нейтрально
суп: несли не долго, было вкусно: положительно 
кухня: не когда не жаловалась: положительно 
спагетти: можно заказать пол порции: положительно 
ресторан: не очень большой, уютный: положительно 
интерьер: довольно приятный: положительно 
минус: не где парковаться, сложно найти место: негативно"
16,"Сегодня обедали в Фартуке вдвоем с мужем. На сайте отзывы заранее не читала, иначе, может быть, выбрали другое место. Но рада, что зашли именно в это! Кухня: вкусно и недорого, порции небольшие, но нам в самый раз. Хлебная тарелка - четыре горячих булочки с чесночным маслом - обалдение. Есть домашние лимонады, фруктовые и молочные коктейли. Насчет карты вин не скажу - не пили. Интерьер: как уже было написано, полностью соответствует фото. Без изысков, но уютно, столиков мало. Больше подходит для встречи с друзьями, для обеда после прогулки. На романтический вечер скорее будет не лучшим вариантом. Сервис: у нас все было чудесно! я вообще редко довольна сервисом. Быстро приняли заказ, быстро приготовили, очень милая и простая девушка давала советы по меню, легко общалась с клиентами. Рассчитали тоже быстро. Так что советую.","
кухня: вкусно, недорого: положительно 
порции: небольшие: нейтрально 
хлебная тарелка: обалдение: положительно 
интерьер: как уже было написано, полностью соответствует фото: нейтрально 
сервис: быстро приняли заказ, быстро приготовили, очень милая и простая девушка давала советы по меню, легко общалась с клиентами, рассчитали тоже быстро: положительно"
17,"Очень просторно и светло, интерьер в моем любимом стиле:) места мнооооого, и вид из окна хороший. Были днем (у мужа офис в БЦ Авеню), зашли выпить кофе, есть не хотелось, поэтому оценить кухню по достоинству решили в другой раз. Я съела только тыквенный суп (понравилось, и булочки к нему подали очень вкусные), муж пил кофе. Надеюсь в следующий раз попробовать пиво, говорят оно там неплохое. К официантам претензий нет, правда мы были днем, народу в зале мало, так что не знаю как там в вечерние часы обстоит дело с обслуживанием. Нас обслужили быстро:) Обязательно придем еще!","
интерьер: в моем любимом стиле: положительно 
места: много: положительно 
вид из окна: хороший: положительно 
тыквенный суп: понравился: положительно 
булочки: вкусные: положительно 
пиво: неплохое: положительно 
обслуживание: быстро: положительно"
19,"Добрый день! Первый раз пишу отзыв о ресторане, настолько меня впечатлило данное место. Прекрасная кухня, уютный интерьер, доброжелательные официанты, очень дружественная атмосфера! Невозможно уйти оттуда с плохим настроением и голодным, порции очень большие!)) Особенно порадовал ценник...качественная еда за небольшие деньги. Ходили с молодым человеком, заказали омлет по-баварски 260р., салат с теплой куриной печенью 260р., пиво 0,5л. 220р. и бокал белого вина 250р., все вместе обошлось нам всего лишь в 990р. Вообщем впечатление прекрасное, будем заходить еще!!!)))))","
кухня: прекрасная: положительно 
интерьер: уютный: положительно 
официанты: доброжелательные: положительно 
атмосфера: очень дружественная: положительно 
ценник: порадовал: положительно
еда: качественная: положительно"
20,"Прекрасный ресторан! Уютная обстановка и атмосфера, красивый вид на залив. Обслуживание хорошее, вежливый персонал, все пожелания выполнялись. Вкусная еда и порции нормальные, готовили и приносили довольно быстро. В целом остались очень хорошие и приятные впечатления от посещения, обязательно придем еще и не один раз. Спасибо! Надежда С.","
Обслуживание: хорошее: положительно 
персонал: вежливый: положительно 
еда: вкусная: положительно 
порции: нормальные: положительно"
22,"Н Начну из далека)) года 1,5-2 назад заходила в ""дали"" и осталась с неоднозначными впечатлениями (то ли понравилось,то ли нет).Кухня никакая,какой-то странный персонал в непонятной форме,обслуживание тоже ни о чем.Единственное что зацепило - дизайн кафе,уж очень красивый. Буквально на днях решила рискнуть и зайти отдохнуть. Кафе можно было узнать только по оставленному дизайну,все остальное поменялось. Заказала себе салат,так мне даже было жалко его съесть,настолько было красиво украшен))я уже не говорю,что было очень вкусно). Очень понравилось ненавязчивое и качественное обслуживание. Спасибо Вам большое за уютную атмосферу,от Вас даже не хотелось уходить,все настолько было тепло и радушно!)","
персонал: непонятная форма: негативно
обслуживание: ни о чем: негативно
дизайн кафе: красивый: положительно
салат: красиво украшен, вкусно: положительно
обслуживание: ненавязчивое, качественное: положительно"
23,"Была в трёх разных ресторанах Мама Рома. Кухня радует, а вот обслуживание не очень хорошее. Блюда то ли готовятся долго, то ли их долго несут, хотя народу все 2 раза было немного - казалось бы... Один раз вообще сложилось ощущение, что про нас забыли. Но хуже то, что в наличии постоянно нет чего-то из меню - и, как назло, именно того, что хочется попробовать! Выбор десертов оказывается вообще маленьким. Паста вкусная, всем рекомендую. А вот пицца не фонтан - обычная такая, ничего особенного. Не стоит тех денег, которые за неё берут.","
Кухня: радует: положительно 
обслуживание: не очень хорошее: негативно 
блюда: долго готовятся, несут: негативно 
выбор десертов: маленький: негативно 
паста: вкусная: положительно 
пицца: не фонтан, обычная, ничего особенного: нейтрально"
24,"Зашли в""аппетит"" случайно.Не смотря на то,что был будний день( вторник 14 сентября) и достаточно много народа, все же решили остаться.нас встретил менеджер- темноволосая стройная девушка, проводила к столу и дала меню...Спустя 5 минут пришла официантка, приняла заказ и удалилась...Посмотрев вокруг мы подумали что ждать придется долго- ресторан был полон, однако мы ошиблись , ожидание было недолгим- вполне приемлимым для любого заведения,за приятной беседой мы не заметили как прошло время...Бизнес ланч, на удивление, оказался очень вкусным и сытным- вполне соответствует своей цене. В общем очень хорошее место, разнообразное вкусное меню, приемлемые цены и высокое качество обслуживания! нам очень все понравилось. спасибо этому заведению! обязательно придем на выходных.","
Менеджер: приветливая, стройная: положительно 
официантка: приняла заказ: положительно 
ожидание: недолгое: положительно 
бизнес ланч: вкусный, сытный: положительно 
качество обслуживания: высокое: положительно"
25,"Отмечали в этом ресторане день рождение в субботу вечером. Хочу выразить большую благодарность прежде всего руководству ресторана, обслуживающему персоналу и конечно же тем поварам, которые готовят посетителям заведения столь вкусные блюда. Понравилось абсолютно все. Конечно же впечатляет интерьер: уютно и красиво. Стол был шикарный. Хочу отметить, что для ресторана такого уровня цены не высокие. Хочется снова окунуться в незабываемую атмосферу, которая присуща данному заведению.","
руководство ресторана: благодарность: положительно 
обслуживающий персонал: благодарность: положительно 
повара: благодарность: положительно 
интерьер: впечатляет: положительно 
цены: не высокие: положительно"
27,"Отличное заведение! Посещаю эту место с самого открытия. Здесь работают прекрасные ребята, внимательные, гостеприимные. Именно здесь чувствуешь, что тебе всегда рады. Живу недалеко, бываю здесь и с молодым человеком, и с друзьями, и с родственниками, и забегаю просто поужинать. Из меню пробовала почти все. Здесь самый лучший мисо суп в городе!!! Большая порция и очень вкусно!!! Суши всегда из свежей рыбы, роллы очень аккуратно сделаны. Салаты всегда свежие, да и порции не маленькие. Из горячего очень люблю утиную грудку гриль с фруктами и стейк из тунца!!!! Стейль из лосося со шпинатом - любимое блюдо моей подруги. Медальоны из телятины с овощами тоже объедение! не нужно ходить в дорогие рестораны, чтобы вкусно поесть! Рекомендую всем это место! И дешево и качественно!!! Буду продолжать посещать это место!!! спасибо персоналу за их работу!!!","
персонал: внимательный, гостеприимный: положительно 
мисо суп: лучший в городе, вкусно: положительно 
суши: свежая рыба: положительно 
роллы: аккуратно: положительно 
салаты: свежие: положительно 
утиная грудка: вкусно: положительно 
стейк из тунца: вкусно: положительно 
стейль из лосося: вкусно: положительно 
медальоны из телятины: вкусно: положительно"
28,"Никогда не писал отзывы, но тут - просто обязан! Искали с друзьями хорошее местечко на севере, чтобы было уютно, не сильно шумно как в популярных кафе-барах, но и не ресторан - в общем приличный паб для хорошей выпивки и закуски. И это место именно то, что надо! И даже лучше. Правда сам факт того, что нам удалось посидеть в этом заведении считаю везением - увидели свободный столик почти в углу - просто повезло что он был свободен. Поэтому теперь перед походом сюда - будем бронировать. Пиво не пробовали - поэтому ничего не скажу. Пробовали коктейли- прекрасные, чувствуется, что сделаны из хороших напитков, как положено. Отдельное спасибо официантке- она просто угадывала наши желания, и советовала то, что нам и хотелось. Обслуживание 10 баллов. Еда вкусная. Еще стоит отметить прекрасный, уютный и стильный интерьер и безупречно подобранный музыкальный фон (для тех, кому это важно). Ощущение было, что я дома, и все свои. Спасибо, ""радио"" за отличный вечер!","
посидеть в этом заведении: повезло: положительно 
коктейли: прекрасные: положительно 
официантка: просто угадывала наши желания: положительно 
еда: вкусная: положительно 
интерьер: прекрасный, уютный, стильный: положительно"
29,"На 2ом этаже была раза два. Красивый интерьер - сидели у окна за столиком с диванчиками. Намного удобнее чем на 1ом этаже. Порции небольшие, но паста была оч.вкусной))) Обслуживание не понравилось - готовят (или приносят??) заказ ОЧЕНЬ долго, учитывая что оба раза ресторан был полупустой... Если бы не это, то могла бы назвать Моджо приятным местом чтобы посидеть вечером с друзьями.","
интерьер: красивый: положительно 
порции: небольшие: нейтрально 
паста: оч.вкусная: положительно 
обслуживание: не понравилось: негативно"
30,"Сегодня была в этом ресторане!! Мало сказать, что обслуживают там долго!!! 1) Хостес в этом ресторане нет, так что встречать нас никто не спешил. Подождали 10 мин. 2) Ждать пока к нам кто-нибудь подойдет принять заказ пришлось ещё минут 10. 3) Заказали по купону по два блюда в 19 50 где-то..второе блюдо я получила в 21:30. Вместо того,чтобы провести хороший вечер в компании, провели вечер в ожидании.Одни отрицательные эмоции!!!!!! Единственное, что понравилось, это музыка и интерьер но больше идти в этот ресторан НЕ захочется! Претензии скорее не к обслуживанию, а к администрации, которая такой большой ресторан не может обеспечить нормальным количеством официантов и, видимо, поваров!!!!","
Хостес: нет: негативно 
время ожидания: 10 мин, 10 мин: негативно 
время подачи блюд: 21:30: негативно
музыка: понравилась: положительно
интерьер: понравился: положительно"
32,"Мы были в этом ресторане 2 раза. Обслуживанием очень довольны, скатерти меняют после каждого посетителя, все очень чисто. Официанты очень подготовленные, могут рассказать, что из чего готовиться, как подаётся. Порции достаточно большие. Всё вкусно! Единственный минус - в праздники и выходные у них очень много посетителей, хотя это говорит о том, что ресторан хороший...И поэтому готовят очень долго! Закуски и салаты приносят быстро, а горячее нужно ждать. За ожидание нам принесли комплимент - мороженое для ребенка. Кстати, мороженое они готовят сами! Очень вкусно!","обслуживание: довольны: положительно 
скатерти: меняют после каждого посетителя: положительно 
официанты: подготовленные: положительно 
порции: достаточно большие: положительно 
время ожидания: долгое: негативно
мороженое: вкусное: положительно"
35,"Давно хотела посетить этот ресторан, т.к. очень люблю китайскую кухню, а муж предпочитает японскую. Вроде бы идеальный вариант. Собирались долго, пришли к ночи. Конечно, все устали 11 вечера. Официантка, как будто под легкими наркотиками слушала не внимательно и не чего не записывала, в результате после 25 минутного ожидания принесли не то блюдо, которое заказывали. Отказались. Время было позднее много есть мы не могли , но сказав 3 блюда китайской кухни и 2 японской мы не нашли не одного действительно вкусного. Кухня претензионная и не вкусная. Кроме того в счет уже включены чаевые, а это 10 % , за такое обслуживание я не дала и 2 х.. Из положительного только интерьер. Но очень не удобная мебель. В общем, в это заведение мы больше не пойдем.","
официантка: не внимательно, не записывала: негативно 
блюда: не то, которое заказывали: негативно 
кухня: претензионная, не вкусная: негативно 
мебель: очень не удобная: негативно"
36,"Были на мой день рождения в этом ресторане! Мне все очень понравилось. Огромное спасибо официанту Дмитрию - очень вежлив и приветлив! Заказывали по салату Цезарю, пасту и пиццу - все понравилось! Еще Дмитрий псоветовал нам очень вкусное белое вино, а узнав, что у меня праздник - в подарок мы получили фруктовую тарелку! Хочу отметить интерьер - стильный, теплый и уютный. Зайдем еще не раз! Рекомендую.","
официант Дмитрий: вежлив, приветлив: положительно 
салат Цезарь: понравился: положительно 
паста: понравилась: положительно 
пицца: понравилась: положительно 
белое вино: вкусное: положительно 
фруктовая тарелка: получили в подарок: положительно 
интерьер: стильный, теплый, уютный: положительно"
37,"Заезжали поужинать с подругой пару недель назад. Столик не заказывали. Про сервис ничего негативного не скажешь- быстро подходят, все улябаются, подходят спрашивают, всё ли нравится. Приятно. Интерьер на любителя, но мило и удобно. Еда хорошая. Вкусно, не так дорого. Подача плова- оригинальная, но... Мне лично это не понравилось, хотя идея конечно не плохая. Девушкам явно нравится. Я лично ожидал чуть боьше блюд из мяса в таком ресторане на мангале. С другой стороны по одному шашлыку есть из каждого вида мяса, в принципе хватает, но хочется чего то необычное увидеть..","сервис: быстро подходят, все улябаются, подходят спрашивают, всё ли нравится: положительно 
интерьер: на любителя, но мило и удобно: нейтрально 
еда: хорошая, вкусно, не так дорого: положительно 
подача плова: оригинальная: нейтрально"
38,"Являюсь постоянным гостем данного кафе. Недавно в нем сделали ремонт и теперь там светло и уютно. Кухня очень нравится, часто ходим туда с друзьями и там же отмечаем праздники (н-р день рождения). Обслуживание на высоком уровне, персонал работает очень хорошо и всегда внимателен к гостям. Рекомендую это кафе как для тех, кто просто хочет попить кофе в спокойной обстановке, так и для тех, кто хочет отметить день рождения или какой-то другой праздник.","
персонал: внимателен, хорошо работает: положительно 
ремонт: светло, уютно: положительно 
кухня: нравится: положительно"
40,"17 июня отмечали в Санторини свадьбу - обслуживание очень хорошее - мы с мужем сами ни разу не наполняли себе бокалы - за всем следил официант. Обслуживание было на высшем уровне, ненавязчивое. Все убирали вовремя. Единственное, я бы заказала больше еды - у нас съели абсолютно всё. То ли было так вкусно, то ли еды нехватило... У нас выходило 1500 на человека. Надо было заказать на 2000. Мы специально до свадьбы съездили в ресторан и покушали там как обычные посетители. Для нас ценник дороговат, но всё было настолько вкусно, обслуживание было таким хорошим, что остановили выбор на Санторини. Мы не пожалели - всё было супер! Гостям еда очень понравилось, обслуживание отличное, много места для танцев. Пожалуй, это лучший выбор, который мы могли сделать! Спасибо персоналу!","
обслуживание: хорошее: положительно 
еда: вкусная: положительно 
обслуживание: на высшем уровне: положительно 
обслуживание: ненавязчивое: положительно 
ценник: дороговат: негативно"
41,"Привет всем!Мы из Москвы,посетили на выходные Питер и Ваш замечательный ресторан!Понравилось все:и необычно выполненный интерьер,и хорошее обслуживание официантки с рекомендацией блюд,прекрасный вид из окна,и самое главное очень хорошая кухня!!!Цена полностью соответствует качеству,все очень вкусно,что на мой взгляд редкость для Питера,где мало действительно хороших ресторанов.""BELLINI"" один из них!В следующий раз когда будем в Питере обязательно будем у Вас,спасибо!","
Интерьер: выполненный необычно: положительно 
обслуживание официантки: хорошее, с рекомендацией блюд: положительно 
вид из окна: прекрасный: положительно 
кухня: хорошая: положительно"
42,"У нас была свадьба в этом ресторане. Все было просто великолепно! Все остались довольны и кухней, и интерьером и обслуживанием. Большое спасибо администрации и персоналу ресторана! Всегда шли навстречу нашим пожеланиям и все сделали на высшем уровне. Банкетное меню было за 4 т.р. - очень много еды на человека получилось и еда (во всяком случае, горячие закуски и вторые блюда) была очень хорошей.","
Свадьба: все было просто великолепно: положительно 
кухня: все остались довольны: положительно 
интерьер: все остались довольны: положительно 
обслуживание: все остались довольны: положительно 
банкетное меню: за 4 т.р.: положительно"
43,"Красиво. Вкусно. Обслуживание ""на уровне"". Вот на этот ""уровень"" оно и ориентированно, не на клиента )) Приехали в 23, в будний день, вдвоем покушать. Ресторан создавал впечатление пустого, только приглядевшись можно было увидеть посетителей. Обслуживающего персонала было явно больше чем гостей. Поднялись на второй этаж, встретила нас девушка, предложила пару маленьких столиков. Мы захотели сесть за большой стол, с диванами. Ну уж очень хотелось на диван)) Девушка категорично сказала: ""нет, большие столы - для больших компаний, и один из них зарезервирован"". Смешно, один занят, один зарезервирован, и еще несколько пустуют, но мы не можем сесть где нравится, т.к. нас только двое. Ну вдруг, в этом ресторане аншлаг неожиданно случается в полночь, ладно не будем занимать собой так много места. Конечно до закрытия больше никто не появился. Кухня, действительно хороша. Музыка тоже.","
Обслуживание: на уровне: нейтрально 
Персонал: больше чем гостей: негативно 
Столики: маленькие: негативно 
Кухня: хороша: положительно
Музыка: хороша: положительно"
45,"Несколько раз посещали с друзьями данный ресторан! В общем очень даже неплохо! Интерьер милый, всего в меру! Кухня понравилась! Последний раз были 21 января, отлично посидели! Была небольшая компания 5 человек. Очень понравился музыкальный коллектив, хорошая музыка! По обслуживанию претензий нет, хорошо встретили, проводили за столик (забронировали заранее в VIP зоне, стоимость 400 руб.). Официанты не заставляли себя долго ждать, очень все вежливо и обходительно! Вполне прилично место!","
интерьер: милый, всего в меру: положительно 
кухня: понравилась: положительно 
музыкальный коллектив: хороший: положительно 
обслуживание: все вежливо и обходительно: положительно"
47,"Были в этом ресторане в апреле месяце. Остались хорошие впечатления. Началось с того, что пришли туда в субботу, зал набит, мест не было.Расстроились. Стояли перед баром с подругой, ждали общего друга, чтобы решить, куда пойти-куда податься. Ждали минут 10 и только он пришел, как к нам вышла хостесс и вежливо предложила забронированный столик, объяснив, что мы можем там посидеть пока не появятся ""хозяева""(к нашей радости, они так и не объявились). Обслуживание понравилось, персонал вежливый, заказы приносят достаточно быстро. Цены очень приемлемые, особенно на пиво. Еда вкусная и сытная. Порадовало, стоящее в углу пианино, можно было подойти поиграть=) В общем, мы остались очень довольны.","
персонал: вежливый: положительно 
цены: приемлемые: положительно 
еда: вкусная, сытная: положительно 
пианино: порадовало: положительно"
48,"Была в этом ресторане только однажды, но с удовольствием схожу еще раз. Ужинали с сестрой на 2 этаже. Отличное обслуживание, все приносили-уносили быстро и вежливо. Очень понравился выбор в меню, долго не могли решить что заказать из-за большого разнообразия блюд. Все было очень вкусно, к кухне нет никаких нареканий. Ближе к концу нашего ужина пришли музыканты. Очень понравилась их музыка. Красиво, но ненавязчиво. в общем, ресторан отличный. С удовольствием схожу еще не один раз!","
обслуживание: отличное: положительно 
выбор в меню: большой: положительно 
блюда: вкусные: положительно 
музыканты: понравились: положительно"
49,"Посетили ресторан по рекомендации друзей. Впечатление осталось не из лучших. Во-первых, меню ждали минут 15 (хотя народу было не очень много), потом еще 15мин, чтобы сделать заказ, цены чуть выше среднего по городу, но при этом качество оставляет желать лучшего, у салатов порции маленькие, а мясо вообще резиновое, за все проведенное время пепельницу не разу не поменяли.","
время ожидания: минут 15, потом еще 15мин: негативно 
цены: чуть выше среднего по городу: нейтрально 
качество: оставляет желать лучшего: негативно 
порции: маленькие: негативно 
мясо: резиновое: негативно 
пепельница: не разу не поменяли: негативно"
50,"Зашли в ресторан в выходной день случайно. Посоветовала сестра, которая частенько там бывает. Ресторан довольно уютный, милая домашняя обстановка. Людей было мало, поэтому нам достался столик у окна с видом на Большой проспект. Очень не плохо. Еда вкусная, но порции не большие. Нас было четверо и мы все заказали пасту. У всех было довольно прилично приготовлено. Салаты вообще оказались вкуснейшими. Я брала пасту с грибами. М-мми. Вкусно. Один недостаток, что нас обслуживали очень долго. На наше замечание девушка сказала, что у них какие-то проблемы на кухне. Мы не стали выяснять, что за проблемы, но настроение было подпорчено. Цены средние. Да, и в ресторане чаевые от суммы оставляют себе сами. А так не плохо. Еще можно купить домой масло оливковое. Очень вкусное. Желаю приятного времяпровождения.","
Ресторан: уютный, милая домашняя обстановка: положительно 
еда: вкусная: положительно
еда: порции не большие: нейтрально 
салаты: вкуснейшие: положительно 
обслуживание: очень долго: негативно"
51,"06.09.2013 были на ужине в ресторане Пури. Выбирали по местоположению и ориентировались на отзывы посетителей. Заказали столик по телефону. Встретила нас прекрасная девушка администратор, проводила до столика. Место оказалось просто замечательным. Интересный интерьер, все красочное и при этом очень домашняя обстановка. Обслужили нас по высшему разряду. Очень грамотный официант Андрей, за что ему отдельное спасибо. Уделял нам достаточного много времени и при этом не был навязчивым. Порекомендовал отличный чай, от которого мы были в восторге. Меню очень разнообразное. Принесли заказ быстро. Все вкусно. Буду рекомендовать сходить друзьям и знакомым. Появилось желание посетить и другие заведения сети Гинза.","
девушка администратор: прекрасная , проводила до столика: положительно 
место: замечательное: положительно 
интерьер: интересный, красочный, домашняя обстановка: положительно 
официант Андрей: грамотный: положительно 
чай: отличный: положительно 
меню: разнообразное: положительно 
блюда: вкусные: положительно"
53,"Вчера отмечали юбилей, очередную годовщину нашей свадьбы. Выбирали ресторан по интернету. Остановились на этом ресторане и не пожалели ни на минуту. Заказали столик. Пришли, нас уже ждали. Очень приятное обслуживание, ненавязчивое, доброжелательное. Очень уютная обстановка, особенно в малом зале. Так получилось, что в зале мы были одни и это позволило нам чувствовать себя очень свободно и подробно рассмотреть обстановку. Живые цветы на столах, кальяны в нишах, тихое журчание родничка.... все это создавало романтическую атмосферу. Не буду повторяться с описанием блюд, их уже было достаточно в отзывах, хочу только сказать, что кухня на высоте!!! Очень приятно удивил в конце ужина подарок от ресторана, когда они узнали что у нас юбилей. Очень вкусный десерт, красиво оформленный, с пожеланиями на блюде! Вечер удался на славу! Мы остались очень довольны и обязательно посетим его еще, так как многое в меню мы не попробовали!!!","
Обслуживание: доброжелательное, ненавязчивое: положительно 
Обстановка: уютная, романтическая: положительно 
Блюда: вкусные, красиво оформленные: положительно"
54,"Первый раз посетили с друзьями этот уютный ресторанчик месяца два назад. Впечатляет все! Вкусное пиво(особенно ячменное :) и суджук к нему в виде закуски :), атмосфера, приветливый персонал! Миниатюрная девушка(по-моему, администратор ресторана)высокий профессионал своего дела: ненавязчивое обслуживание, дружелюбный подход к посетителям, внимательное отношение к клиентам. Такое приятное впечатление от уровня европейского сервиса редко получаешь в городе на Неве. Хотя подобных заведений и полно в городе, а посещать не один раз хочется только достойные места... Спасибо Вам большое!!!","уютный ресторанчик: впечатляет все: положительно 
пиво: вкусное: положительно 
суджук: вкусный: положительно 
атмосфера: приятная: положительно 
персонал: приветливый: положительно 
администратор ресторана: дружелюбный, внимательный: положительно"
55,"Приятное заведение. Действительно много места, как в самих залах, так и в холлах и гардеробе. Зашла часа в три в будний день – народу почти никого не было. Вокруг все тихо и спокойно. Администратор проводила к столику, тут же подошел официант предложил меню. Заказала грибной суп и овощи с рыбой, напоследок - кофе. По вкусу все понравилось, порции хорошие – наелась, ну и можно отметить оформление блюд. Цены средние. Надо будет еще как-нибудь в вечернее время на перфоманс попасть – не зря же здесь довольно таки большая сцена имеется!","заведение: приятное : положительно 
залы: много места: положительно
холлы: много места: положительно 
гардероб: много места: положительно 
администратор: проводила к столику: положительно 
официант: подошел, предложил меню: положительно 
грибной суп: понравился: положительно 
овощи с рыбой: понравились: положительно 
кофе: понравился: положительно 
порции: хорошие: положительно 
цены: средние: нейтрально"
57,"Был в ресторане пару недель назад с девушкой. Обстановка приличная,мне лично такая по вкусу,но телевизор 90-х годов стоящий в зале удивил меня,и картину дополняет неработающий фонтан в центре зала.А фоновой музыкой было радио. Заказ приняли быстро...и все,на этом сервис закончился. Пришлось ждать чай больше 20 минут, принесли салат. Что готовят плохо сказать не могу,съедобно. Рис также ждали вместе с чаем больше 20 мин.,но я то думаю,китайский ресторан,как на востоке оформляют блюда мы все хорошо знаем,всегда все украшено и выглядит очень аппетитно,так вот,нам рис принесли на тарелке в таком виде,что я даже есть не стал его. Как будто с пола поднятый рис был,огромные комки. В общем после этого оплатили счет и ушли... Работала,то одна,то другая официантка,и каждая думала что нас уже обслужили и принесли заказ. Я бы понял это если бы был аншлаг,так вместе с нами во всем ресторане 3-5 столиков было занято.","
Обстановка: приличная: положительно 
телевизор: 90-х годов: нейтрально 
фонтан: неработающий: негативно 
заказ: приняли быстро: положительно 
обслуживание: одна, другая официантка: негативно"
59,"Отличный паб!!!!!! Я решила устроить мужу сюрприз, и он удался! Отличный интерьер! Очень вкусное пиво и большой его выбор, кухня тоже отличная, все заказанные блюда, были очень вкусны, а основное, почему я выбрала этот паб, потому что в тот день играла живая музыка, и мы были приятно удивлены, отличный получился концертик! Отличная атмосфера заведения, обязательно будем посещать его ещё!!!","
паб: отличный: положительно 
интерьер: отличный: положительно 
пиво: вкусное, большой выбор: положительно 
кухня: отличная: положительно 
живая музыка: отличный концертик: положительно 
атмосфера заведения: отличная: положительно"
61,"Были с мужем в выходные. Очень много народу, но столиком проблем не было - заказывали заранее. А вот заказ приносили достаточно долго - но на улице с пивом никуда не спешишь :) Гриль нам понравился, пиво тоже. Маленький выбор вина, нет классичсеских сортов пива. Это минусы. Но в общем, впечатление хорошее. От сервиса, от кухни и от атмосферы. Вокруг люди улыбчивые, всем весело, музыка приятная. Мы еще вернемся!","столик: проблем не было: положительно
заказ: приносили достаточно долго: негативно 
гриль: понравился: положительно
пиво: понравилось: положительно
выбор вина: маленький: негативно 
кухня: понравилась: положительно 
сервис: хорошее впечатление: положительно
кухня: хорошее впечатление: положительно
атмосфера: хорошее впечатление: положительно
музыка: приятная: положительно"
62,"Всем доброго дня! Зашел посмотреть телефон заведения, чтобы заказать столик, но решил написать и отзыв ))) Ходим сюда часто, и с друзьями, и с семьёй. Здесь даже отмечал мой друг день рождения, было весело и вкусно. Последний раз посещали ресторан в субботу 26 числа. Пришли с другом и с женами часов в 5 вечера, народу было на удивление немного. Мы, мужчины, пили пиво, наши женщины пили красное вино, довольно неплохое. Ели роллы (традиционную филадельфию и острые запеченные), друзья брали супы, сказали, что вкусные. На горячее я брал перечный стейк (люблю его очень). Не всегда угадывают с прожаркой, но в этот раз был идеальный. Посидели недолго, т.к. торопились в кино. Надеюсь, в эти выходные посидим подольше и дождемся живой музыки. В целом очень достойное место, особенно за такие деньги.","
красное вино: довольно неплохое: положительно 
роллы: вкусные: положительно 
супы: вкусные: положительно 
перечный стейк: идеальный: положительно
место: очень достойное: положительно"
63,"Я была здесь с подругой пока один раз. Пришли вечером, чтобы послушать живую музыку, отдохнуть и пообщаться. Заказали столик заранее. Остались всем довольны. На первом этаже кафешка, а на втором этаже 3 зала. На счет еды не могу сказать точно…За один раз оценить всё невозможно, но то, что заказали, соответствовало своим вкусовым качествам и моему вкусу(заказали роллы Филадельфия, греческий салат и пиво). Меню разнообразное, цены адекватные. Понравился интерьер. Столики есть на любой вкус и с диванами и у окна и напротив сцены. Очень хорошая музыка, в тот вечер выступали Egeiro Project (отдельное им спасибо). P.S. Уютное место для вечернего отдыха. Обязательно придём ещё. />","
Меню: разнообразное: положительно 
цены: адекватные: положительно 
интерьер: понравился: положительно 
музыка: очень хорошая: положительно"
66,"Всем хорошего дня! 9 августа у нас с мужем был 10ти летний юбилей свадьбы. Прошло все настолько супер,что даже и представить не могли,что так получится. Обстановка очень уютная.Есть возможность выбрать цвет интерьера. У нас была розовая свадьба и нам оформили зал в бело-розовых тонах. Очень красиво!!! Было 40 чел и все остались в восторге от вкуснейшей еды.Не навязчивое обслуживание официантов,всё успевали,своевременно убирали со столов и приносили новые блюда и напитки. Достаточно важно: для такой жары,как сейчас стоит у нас в городе замечательная система кондиционирования в зале. Было очень комфортно! После окончания банкета,официанты и администратор старательно упаковали всё в свои ланч-боксы. Нам очень понравился этот банкетый зал! Если хотите хорошо отметить свой праздник, то вам сюда!=))) СПАСИБО ОГРОМНОЕ !!!!!!!!!!","
банкетный зал: уютный, красивый: положительно 
еда: вкусная: положительно 
обслуживание: не навязчивое, своевременное: положительно 
система кондиционирования: замечательная: положительно"
67,"Недавно посетила данный ресторан,я согласна со многими,что основной зал тесноват,но понравилась,что есть детская комната,гда с ребенком сидела няня пока мы ужинали,плюс то что для детей есть бесплатное детское меню. Да музыка играла громко,но при этом понравилось,что это национальная и живая музыка. Обслуживал очень приятный молодой человек,постоянно улыбающийся и посоветовавший нам хорошие блюда. Кухня действительно похожа на греческую(в Греции бываю почти каждое лето). Вкусный шашлык и прекрасный выбор салатов, довольно большой выбор алкоголя. Плюс цена довольна не высокая для центра города. Так что думаю еще не раз семьей сходим.","
основной зал: тесноват: негативно
детская комната: понравилась: положительно
музыка: играла громко: нейтрально
музыка: национальная, живая: положительно
шашлык: вкусный: положительно
выбор салатов: прекрасный: положительно
выбор алкоголя: довольно большой: положительно
цена: не высокая: положительно
"
68,"Впечатление заведение оставило не самые лучшие!!а жаль.....новое место в центре города!!Во-первых гостей никто не встречает и не провожает к столу,не говоря уже о том,что зал для курящих или не курящих предложен вообще не был!!Подруга заказала бизнес-ланч,а меню я так и не увидела,так как его просто не принесли!!!Заказ был принят ужасно,вслед уходящему официанту мы договаривали свой заказ!!!я заказала чай,но даже его принесли без жасмина!!)))хлеб не был предложен,в принципе вообще ничего предложено не было!!!с таким обслуживанием у заведения вряд ли появятся постоянные гости!!дальше..хуже...счёт нам вынесли,когда мы еще кушали,и даже не просили его,видно в этом заведении не любят ,когда гости задерживаются,сложилось впечатление,что нам определённо пора!!!=))) Интерьер милый,есть диванчики,правда не очень мягкие!!","зал для курящих или не курящих: предложен вообще не был: негативно
заказ: принят ужасно: негативно 
чай: принесли без жасмина: негативно 
интерьер: милый: положительно
диванчики: не очень мягкие: негативно"
70,"Недавно отмечали в Санам день рождения. Безумно понравилось. Гости в восторге. Прекрасный интерьер, хорошее обслуживание, быстро, ненавязчиво. Кухня понравилась. Есть и восточные блюда, и европейские, и японские. Так как в нашей компании у всех разные вкусы это очень порадовало, каждый нашел для себя подходящее блюдо. Большие порции, все очень вкусно. Очень понравился кальян. Так же большой выбор коктейлей, некоторые очень неплохие. Особенно понравились оргазм и клубничная маргарита. В целом все остались довольны, все советую!","
интерьер: прекрасный: положительно
обслуживание: хорошее, быстро, ненавязчиво: положительно
кухня: понравилось: положительно
порции: большие, вкусно: положительно
кальян: очень понравился: положительно
выбор коктейлей: большой: положительно"
71,"Праздновала в этом ресторане свой Др, праздник был семейный, поэтому хотелось посидеть в уютном месте с хорошей кухней. Был заказан столик( за 4 дня) на 2 этаже, по приходу нам сообщили что через 3 часа придут уже новые гости у которых тоже забронирован это стол. Это как-то омрачило первое впечатление о этом заведении. В меня есть всё, практически все кухни мира. Начну с салатов: ужаснее салата цезарь и придумать нельзя, соус невкусный, курица сухая.Пробовала ещё салат с авокадо, тот получше, но тоже так себе. Из горячего ела манты, наверное они были покупными, либо их там вообще не умеют готовить. Единственное что понравилось гостям это десерты. Пирожные очень вкусные, особенно торт из шоколада.Ушли из этого ресторана голодные и недовольные. За 5 оставили 10 тысяч( еда+ каждый заказал по 1-2 алкогольному коктейлю)","
кухня: хорошая: положительно 
столик: заказан: положительно 
салат цезарь: ужасный, соус невкусный, курица сухая: негативно 
салат с авокадо: получше, но тоже так себе: нейтрально 
манты: покупные, их там вообще не умеют готовить: негативно 
пирожные: очень вкусные: положительно 
торт из шоколада: вкусный: положительно"
72,"Ходили с молодым человеком в пятницу, 25 ноября. Кухня отличная, интерьер вообще выше всяких похвал, места довольно много. Я заказывала салат цезарь, ролл Радуга и чизкейк. Салат вкусный, единственное, не понравился соус, какой-то он странный был. Ролл Радуга - лучше бы не брала, роллы огромные, в рот не влезают. На вкус нормальные. Чизкейк вкусный, но слишком уж много этого клубничного пюре на тарелке. Молодой человек брал рис с курицей (очень очень вкусный, и цена всего 200 руб), мисо суп (не очень, одна вода, безвкусный) и тирамису, который ему очень понравился. Единственное, долго ждали, пока нам принесут меню, что очень странно (обычно меню несут быстро). Потом обслуживали быстро. Официант не очень улыбчивый, но вежливый. В общем и целом нам понравилось, придем еще.","
кухня: отличная: положительно 
интерьер: выше всяких похвал: положительно 
места: довольно много: положительно 
салат цезарь: вкусный, соус странный: нейтрально 
ролл Радуга: огромные, но нормальные: нейтрально 
чизкейк: вкусный, но слишком много пюре: нейтрально 
рис с курицей: очень вкусный: положительно 
мисо суп: не очень, безвкусный: негативно 
тирамису: понравился: положительно 
время ожидания: долго ждали меню: негативно 
официант: не очень улыбчивый, вежливый: нейтрально"
74,"Сегодня с подругой посетил данное заведение! очень всё понравилось,обслуживание порадовало еще при входе,доброжелательная и улыбчивая администратор Екатерина встретила нас и посадила за очень хороший столик,откуда открывался отличный вид. Обслуживала нас очень приятная девушка-официант.Заказывали фондю,обслуживали нас очень оперативно и что порадовало это не сказалось на качестве блюда. Официант и весь обслуживающий персонал,отлично знает своё дело. Молодцы. Теперь ""Чердак Художника"" будет часто посещаемым местом в нашем городе. Спасибо вам большое за хорошее настроение на весь день!!!!","обслуживание: порадовало: положительно 
администратор: доброжелательная, улыбчивая: положительно 
официант: приятная: положительно 
обслужили: оперативно, не сказалось на качестве блюда: положительно"
75,"В пятницу 8 числа с друзьями проходили мимо ресторана у видели большую вывеску и решили зайти посмотреть открытие олимпиады. Были приятно удивлены простатой интерьера, качеством кухни(спасибо огромное шеф повару),огромный выбор закусок к пиву. Особенно понравились ""перчики халапена"" (кажется так называлось это бесподобное блюдо),умеренные цены, большие порции. Немного ресторанов в городе, где можно так вкусно итак не дорого покушать!!!! Приятно удивил обслуживающий персонал. Девушка, которая нас обслуживала, с редким именем Антонина, хорошо разбирается в предсталенной рестораном еде и умело порекомендовала нам разные закуски. А какое пиво!!! Их около 10 сортов на любой вкус. бармен стал нам просто другом. На любой вопрос о пиве он умело подобрал каждому из нас пиво по вкусу. Всё было замечательно в этом пивном баре!!!! Всем Гроссенштрассе!!!!!!!!!!!!!!!!!","
выбор закусок к пиву: огромный: положительно 
цены: умеренные: положительно 
порции: большие: положительно 
обслуживающий персонал: приятно удивил: положительно 
пиво: около 10 сортов: положительно
бармен: стал нам просто другом: положительно"
76,"Приятный итальянский ресторанчик без претензий. Из минусов по обслуживанию только то, что долго ждали официанта с меню. Интерьер простой как внутри, так и снаружи. Из блюд заказывали томатный суп, ризотто с белыми грибами, пасту с креветками и Цезарь. Порции достаточно большие; все было вкусно, а вот Цезарь с курицей очень расстроил, соус был невкусный с рыбным запахом. Хорошее место для вкусной трапезы итальянской кухни по умеренной цене.","
Обслуживание: долго ждали официанта с меню: негативно 
интерьер: простой: нейтрально 
блюда: вкусно, порции достаточно большие: положительно 
Цезарь с курицей: очень расстроил: негативно 
соус: был невкусный, с рыбным запахом: негативно 
цена: умеренная: положительно"
77,"Сегодня отмечали день рождения небольшой компанией из шести человек. Нас разместили в VIP зале. Понравилось оформление стола, подсвечник с горящими свечами создал уютную атмосферу семейного торжества. Обслуживание прекрасное: тарелки убирали сразу, новые блюда приносили быстро, так что ничего не надо было ждать. Кухня тоже приятно удивила, особенно размер порций. Все было свежим и отменно вкусным. Единственное ""но""- это отсутствие живой музыки, с ней наш вечер был бы еще приятнее.иЗа сравнительно небольшие деньги отлично отдохнули и поели. Следующий раз не буду думать, куда пойти отмечать какое-нибудь торжество.","
оформление стола: понравилось: положительно 
обслуживание: прекрасное: положительно 
кухня: приятно удивила: положительно 
живая музыка: отсутствует: негативно"
79,"Встретились с подругами пообщаться, выпить пива. Столик заказали заранее, нас встретили, проводили, принесли меню всё оперативно. Заведение небольшое, очень камерное, что приятно. Интерьер обычный, как в других пабах, порадовали стеллажи с книгами и мягкие диваны.:) Пиво вкусное, есть из чего выбрать. Заказали: отварные креветки - креветки, как креветки, но какие-то слишком маленькие (240 руб.), салат ""Салмон"" с лососем, неплохой, но пресноват, соуса явно не хватает, кольца кальмара в кляре - под пиво нормально, мясные чипсы из говядины - вкусно, Рагу - вкусно, но больше напоминало бульон с мясом, королевские креветки с соусом - очень вкусное блюдо(599 руб.), к сожалению не все цены помню. Была одна официантка на весь зал (пятница вечер все столики заняты), но справлялась, напитки и блюда долго ждать не приходилось, не хватало немного приветливости, а в общем неплохо. Наш счёт на 5 человек составил около 4 000 руб. Подведя итог можно сказать, что хорошо провели время, милое заведение.","
меню: принесли оперативно: положительно
заведение: небольшое, камерное: положительно
интерьер: обычный, как в других пабах: нейтрально
диваны: мягкие: положительно
Пиво: вкусное: положительно 
Рагу: вкусно, напоминало бульон с мясом: нейтрально 
королевские креветки с соусом: очень вкусное блюдо: положительно 
Салат ""Салмон"" с лососем: неплохой: нейтрально
Салат ""Салмон"" с лососем: пресноват, соуса явно не хватает: негативно"
80,"В Дугласе оказались случайно, друзья отмечали день рождения. Первое впечатление – потрясающий размахом и продуманностью интерьер. Сначала сидели всей компанией в кабинке на диване, чувствовали себя комфортно и приватно. В конце вечера расслабленно перебрались за барную стойку. Удивило гармоничное сочетание в одном заведении ресторана и бара. Что касается кухни, заказывали и европейские и японские блюда, остались очень довольны. Все вкусно, порции средних размеров – не много, не мало. Меню не очень большое, но есть из чего выбрать. Действительно широкий выбор алкоголя, от коктейлей больших и маленьких, до линейки пива и виски. Словом, есть что выпить и поесть и девочкам, и мальчикам. Напитки приносили сразу, блюда ждать приходилось не долго, хотя, может, мы просто никуда не спешили :) Резюме: вечер удался во всех отношениях, а мы открыли для себя новое заведение. Единственный минус – не очень удобное месторасположение. Но для нас это не препятствие! :)","
первое впечатление: потрясающий размахом и продуманностью интерьер: положительно 
кухня: вкусно, порции средних размеров: положительно 
меню: не очень большое, но есть из чего выбрать: нейтрально 
алкоголь: широкий выбор: положительно 
напитки: приносили сразу: положительно 
блюда: ждать приходилось не долго: положительно 
месторасположение: не очень удобное: негативно"
81,"03.09.2014 отмечали в ресторане ""Любимый"" день рождения любимого. Праздничный ужин проходил на 3 этаже. Интерьер ресторана очень интересный. Обслуживающий персонал , конечно, испортил весь праздничный вечер лично для нас и наших друзей. Во-первых, вовремя обслуживания, официант Анастасия уронила грязные приборы на гостя. Во- вторых, постоянно забирала посуду в которой еще находилась еда, а пустую посуду оставляла на столе. В конце вечера заказав воду принесла ее через 20 минут, при этом сказав, что она все это время кушала, ей было не когда. Мужчины заказали себе бутылочку Текилы, лимон и соль. Все приносилось отдельно , с разницей во времени 10 минут. Что очень сильно удивило. Я бы не рекомендовала идти в данный ресторан. Есть в Петербурге рестораны на много лучше и доступны по цене и качеству обслуживания.","
интерьер: очень интересный: положительно
обслуживающий персонал: испортил весь праздничный вечер: негативнопосто
официант Анастасия: уронила грязные приборы: негативно "
82,"Я как-то увидела, что на месте не безызвестного магазина открылся новый ресторан. Вид через окно с Невского меня заставил туда заглянуть. И интерьер меня не разочаровал,а, наоборот, очень обрадовал. Очень красивое и уютное место. Обслуживающий персонал очень приятный. Нашему официанту пришлось много нам объяснять, так как с азиатской такой кухней я не знакома была. Но он много предлагал, описывал, помог выбрать. Я и моя подруга были очень довольны этим выбором. Я взяла кокосовый суп с морепродуктами. Он был острый, но, как я поняла, это особенность кухни. Но то люблю острое и была в восторге от блюда. Подруга заказала салат с апельсинами, рукколой и лососем, а на десерт мы брали манговый мусс и лимонный десерт. Нам все очень понравилось. Было безумно вкусно!!!!Советую всем обязательно посетить это заведение!!!!","
интерьер: не разочаровал, очень обрадовал: положительно
обслуживающий персонал: очень приятный: положительно"
83,"31 июля отмечали нашу свадьбу в ресторане Анданте. К выбору ресторана подошли основательно, было много разных предложений, но лучше данного ресторана ничего не нашли. Все прекрасно начиная от первого звонка в ресторан и общения с администратором и заканчивая нашим сбором после банкета. Всегда приветливый обслуживающий персонал в любое время, при личном общении и по телефону. В ресторане несколько вариантов меню, на любой кошелек, в каждом из меню, большой выбор всего, закусок горячих и холодных, горячего, напитки. Мои гости, да в прочем как и мы молодые остались в полном восторге!!!) Кухня супер, атмосфера восхитительная, интерьер лучший, великолепный вид из ресторана! Рекомендую всем! Спасибо администрации!","
персонал: приветливый: положительно 
кухня: супер: положительно 
атмосфера: восхитительная: положительно 
интерьер: лучший, великолепный: положительно 
вид: великолепный: положительно"
85,"Ходим в этот ресторанчик не так часто, только когда бываем в этом районе. Всё, что пробовали очень вкусно! Из моего любимого - салат с куриной печенью, запеченные суши и тирамису. Ни разу не пришлось усомниться в качестве и свежести блюд:) Интерьер симпатичный, но не производит впечатление стильного.. Главное, что очень уютно! Обслуживание ..разное, так скажем.. Порой долго ждешь, иногда неудобно - приносят всё сразу.. Но это редко! В целом вежливое, но не навязчивое обслуживание, следят за посудой, пепельницами.. нормально:) Ресторану огромное спасибо в первую очередь за ХОРОШУЮ кухню, но при этом демократичные цены:)","
кухня: вкусная: положительно 
блюда: свежие: положительно 
интерьер: симпатичный, не стильный: нейтрально 
обслуживание: вежливое, не навязчивое: положительно 
цены: демократичные: положительно"
86,"Ходила туда вчера. Интерьер необычный, привлекает. А в самом кафе было очень холодно, хотя у них есть конди, они их включили на тепло, только когда мы уже настойчиво попросили, но и это не спасло, руки оледенели просто! Из кухни заказывали пиццу, так..... ничего особенного, поесть можно, допинга не было, добавить было нечего =( Хотела еще десерт заказать, так фруктов у них тоже не оказалось(((( Заказали чай, по вкусу был на самый дешевый похож. Официант все время куда-то пропадал, хотя народу вообще не было. Еще что не понравилось, так это то, что повара прямо через все кафе ходят, туда-сюда. В общем - я не в восторге от этого заведения, туда больше не пойду.","
интерьер: необычный, привлекает: положительно 
в самом кафе: было холодно: негативно 
пицца: ничего особенного: нейтрально 
десерт: не было фруктов: негативно 
чай: по вкусу был на самый дешевый похож: негативно 
официант: все время куда-то пропадал: негативно 
повара: прямо через все кафе ходят, туда-сюда: негативно"
88,"Очень хочется поделится своим мнением! Мы с друзьями остались очень довольны посещением этого заведения, народу не много...уютные,мягкие диванчики) Очень приветливый персонал,все девушки в один голос здороваются как только заходишь) и улыбаются))очень приятно .. Заказанные блюда принесли очень даже быстро...или это время так быстро пролетело,за счет уютной атмосферы..заказывали стейк из говядины,шашлычки из грибов,солянку,цезарь из курицы,овощи на гриле, все очень понравилось...ОООЧЕНЬ!) спасибо повару! цена и качество соответствуют.. солянка 200 руб, цезарь 250 ,стейк 550, не очень завышены цены,надеемся и дальше такими же будут!)) планируем там провести банкет... на Петроградской один из лучших ресторанов.....советуем всем)","
персонал: приветливый: положительно 
блюда: принесли быстро: положительно 
стейк: понравился: положительно 
цены: нормальные: нейтрально"
89,"Почитал отзывы на этом сайте и решил посетить заведение. Действительно, все оказалось ""на уровне"". Понравился красивый интерьер и вежливое, довольно быстрое обслуживание. Но самое главное - все было ОЧЕНЬ вкусно. Давно не был в заведении, к которому у меня не возникло почти никаких претензий. Посидели с друзьями просто замечательно и все ушли в хорошем настроении. Обязательно зайду туда еще.","
Интерьер: красивый: положительно 
обслуживание: вежливое, быстрое: положительно 
вкус: ОЧЕНЬ вкусно: положительно"
90,"Мы пришли с мужем в ""Небо"" приблизительно в 19:00 9 февраля. На входе нас встретил неприятный молодой человек-администратор. Честно говоря была немного удивлена... Не первый раз приходим в этот ресторан и все время такие красивые девушки встречают, а тут.(!) Ну да ладно идем дальше. В это время суток в ресторане не было много народа. И перед нами был огромный выбор мест. Нам предложили присесть на мягких и удобных диванчиках. Конечно не у окна, но вид все же как всегда был прекрасен. Буквально через 5 минут к нам подошел любезный официант и принял наш заказ. Приблизительно через 15 минут мы уже наслаждались теплым мексиканским салатом и карпаччо из утиной грудки. Холодные закуска и салат были великолепны! Горячее тоже очень порадовало. Официант был всегда внимателен и любезен. Появлялся всегда в тот момент, в который нужно. Не надоедал, ну и не оставлял нас совсем одних. В общем все было прекрасно! Нам очень понравилось.. Будем приходить еще и еще много раз.=)","
Администратор: неприятный: негативно 
закуска: великолепна: положительно 
салат: великолепен: положительно 
горячее: очень порадовало: положительно 
официант: внимательный, любезный: положительно "
93,"Ну вот посетила Чаплин-холл, поделюсь впечатлениями. Заведение хорошее, сказать, что это ресторан было бы не совсем корректно, это даже скорее концертный зал с возможностью заказать еду и напитки. Зал очень просторный и атмосферный, свободного места предостаточно. Удобные столики на небольшую компанию друзей-знакомых. Меню достаточно разнообразное, есть отдельное меню японской кухни, ну это на любителя. Я, например, больше предпочитаю традиционную кухню. Есть смешанные блюда, вот например, так любимая русским человеком сельдь под шубой…с крабом. Ее не пробовала, просто название зацепило. Попробовала палтуса запеченного – хорош, да и красиво смотрится на тарелке. Правда, эта самая тарелка уж как-то намного больше самого палтуса. Видимо так принято) Салат грибной тоже хорош, порция достойная. Кофе-десерт – тоже без претензий, все вкусно. Итого приятный вечер, в хорошей компании в хорошем месте. Мне понравилось!","
заведение: хорошее: положительно 
зал: очень просторный, атмосферный: положительно  
столики: удобные: положительно 
меню: достаточно разнообразное: положительно 
палтус запеченный: хорош, красиво смотрится: положительно 
салат грибной: хорош: положительно 
кофе-десерт: вкусно: положительно"
94,"Место очень интересное. Просто сходить стоит. Но... Обслуживание просто кошмар. В последней советской столовой обслуживают лучше. Мы пришли не сильно голодными, заказали пару блюд и чай. На что официант нам сказал, что заказ должен быть на 1500р. и если нет, то он даже открывать столик не будет. Потом он высказал, что вообще у них клиенты по 25 000 оставляют, и вообще... Честно говоря, очень неприятное ощущение. Мы конечно, заказали коктейли еще, но честно говоря, при всей крутизне антуража больше туда идти не хочется. И дело не в деньгах, а в отношении. Уж если так все жестко - то предупредили бы о депозите, все равно ведь по телефону бронировать... И пару слов о кухне. Еда, довольно вкусная, но очень маленькие порции (как вообще у нас в России в ресторанах почему-то).","
место: интересное: положительно 
обслуживание: кошмар: негативно 
кухня: вкусная: положительно 
кухня: маленькие порции: нейтрально"
95,"Зашли в кафе с подругой по рекомендации родителей, они были недавно им очень понравилось! Нам тоже!! Очень понравился интерьер, мы сидели в первом зале, занавесочки просто супер, и еще была парочка картин, которые жутко хотелось бы иметь у себя дома) По еде тоже весьма неплохо, готовят достаточно быстро, брала судака с овощами и рисом, очень вкусно было и потрясающий кофе Борджиа, раньше его не пробовала!! Подруга брала один из восточных салатов, к сожалению не смогу воспроизвести точно название, но тоже осталась довольна! Американо ее также не разочаровал! Единственное мы были в пятницу вечером и сервис несколько тормознут, девушка и молодой человек, которые там были, больше занимались своими делами! Больше в к этому месту нареканий в принципе не возникло) Общий вывод: уютное местечко в центре, с разумными ценами и весьма комфортной обстановкой)","
Интерьер: понравился: положительно 
еда: вкусно, быстро готовят: положительно 
кофе: потрясающий: положительно 
сервис: тормознут: негативно"
96,"Первый раз зашла случайно, хотелось кофе попить...Сразу было очарована обслуживающим персоналом: встречают так, как будто ждали именно тебя и очень рады визиту. Кофе вкусное, тортики отменные. Потом несколько раз заходили с друзьями, посидеть, выпить пивка. Выбор пива небольшой, но это нормально все-таки это больше кондитерская...Хотя все нашли себе напиток по вкусу, есть и Тиммерманс и Невское. Очень понравились закусочки: и жаренные крылышки, и особенно кальмары. Их подают еще и с колечками лука. Правда без соуса, в меню мы соуса тоже не обнаружили, но приветливая девушка-официантка на наш вопрос о соусе, предложила 2 вида и сразу же принесла. Интерьер неплохой, жалко только, что диванчики и плазменная панель только в зале для некурящих. Обслуживание на 10, все вовремя, мило и с улыбкой. Отлично, что появилось такое приятное местечко в нашем районе.","
обслуживание: на 10, все вовремя, мило и с улыбкой: положительно 
интерьер: неплохой: положительно 
кофе: вкусное: положительно 
тортики: отменные: положительно 
закусочки: понравились: положительно"
97,"Были в этом ресторане компанией. Интерьер понравился, ресторан пока новый. А вот кухня простецкая, как в обычной забегаловке, и вообще не соответствует интерьеру. Подача блюд тоже не впечатляет, ни каких изысков, морковка наструганная-единственное яркое пятно на тарелке)))) обслуживание тоже оставляет желать лучшего, заказ такой как чай например, ждали минут 15((( вазу для цветов ждали весь вечер, проведенный в ресторане. Цены на напитки убили на повал, чай за 400 руб это жесть. Средняя цена на неалкогольный напиток 250-300 руб, не знаю как для других жителей нашего района, для меня это дорого. Ради интерьера точно больше не пойду, ведь в ресторан идешь получить удовольствие от еды, на то такие заведения и нужны. Блюда компания брала разные:супы, шашлыки, хачапури, десерты-и все как один остались недовольными. А счет принесли нам внушительный, как в хорошем дорогом ресторане.","
интерьер: понравился: положительно 
кухня: простецкая: негативно 
подача блюд: не впечатляет: негативно
обслуживание: оставляет желать лучшего: негативно
цены: убили на повал: негативно"
99,"Очень не понравилось обслуживание! Были вчера вечером, заказали, принесли достаточно быстро, но вот потом про нас как-будто забыли, мы допили напитки и хотели повторить их, но к нам пол часа никто не подходил, официанты бегали мимо, но в нашу сторону даже не смотрели, несмотря на то, что мы всеми силами пытались обратить на себя внимание.К слову, в зале было совсем немного столов.....В итоге мне пришлось подойти к барной стойке и позвать кого-нибудь. Потом мы ждали напитки около 40 минут, а на вопрос- где наши напитки, нам было выдано:-""а что, вам еще их не приносили????"". Удивило также то, что с гостями в ""Плюшкине"" не прощаются. Резкий контраст плохого сервиса и очень вкусной кухни и уютного интерьера....!!!!","
обслуживание: плохое: негативно 
напитки: ждали 40 минут: негативно 
сервис: резкий контраст: негативно"
100,"Кухня супер, спасибо поварам, интерьер приятный, ходим на фонарный уже более 5 лет. Есть карточка постоянного гостя. Но последний раз, хамство девушки ,которая раньше работала официанткой,а сейчас видимо менеджер,вообще отбило все желание приходить. Когда мы спросили,возможно ли нам сесть за круглый столик большой компанией,она ответила что нет. Мы уточнили почему именно и удивились- ведь раньше постоянно сидели за круглым столом... На что получили ответ ""если я захочу вы вообще здесь находится не будете !!!"". Все были в шоке. Мы остались там в тот вечер так как любим тан жен и его кухню, но после этого раза желания приходить не было ни у кого. Неужели вы считаете правильным так разговаривать с вашими гостями, неужели у вас в ресторане менеджер а не хозяин принимает решение кто здесь будет есть а кто нет ???","
кухня: супер, спасибо поварам: положительно 
интерьер: приятный: положительно 
хамство девушки: отбило желание приходить: негативно"
101,"Как то посещали данное заведение с женой и друзьями прочитав положительные отзывы.Столик заказали заранее,обстановка довольно уютная,офицыанта и меню ждали минут двадцать,но не дождались, решили этот вопрос сами!!!Заказ начали приносить через полтора часа, мы уже собирались уходить,носили в течении ещё полутора часов!!!Из семи заказанных блюд понравились только два!!!В ресторане довольно уютно,была не плохая программа развлечений в которой мы принимали непосредственное участие!!!В СВЯЗИ С ВЫШЕ ИЗЛОЖЕННЫМ АДМИНИСТРАЦИИ ДАННОГО ЗАВЕДЕНИЯ ХОЧЕТСЯ ПОЖЕЛАТЬ БОЛЕЕ ВНИМАТЕЛЬНО ОТНОСИТЬСЯ КО ВСЕМ ГОСТЯМ ЗАВЕДЕНИЯ И ПРОВЕСТИ РАБОТУ НАД ОШИБКАМИ,А ПОКА ЭТОГО НЕ ПРОИЗОШЛО ДЕЛАТЬ ТАМ НЕЧЕГО!!!","обстановка: уютная: положительно 
офицыант: не пришёл: негативно 
программа развлечений: была: положительно 
блюда: понравились только два: негативно"
102,"Ужасный персонал на Невском пр-те 22, особенно если сидеть у окна (некурящих). Там всегда обслуживают новые официанты, плохо знающие меню. Приносят не то что заказываешь. Хотя должен отметить, что не все официанты такие, есть всегда вежливые, хорошо обученные. И девченки что на входе всегда очень аккуратно относятся к клиентам. После 2 месяцев обедов в этом заведении, и 4 раз, когда обед приносли через час после заказа, естественно весь остывший, больше нет желания заходить сюда. Судя по оценкам сервиса, я не единственный. Ребята если Вам сложно кормить людей в обед, пожалуйста не делайте этого.","
персонал: ужасный: негативно 
официанты: новые, плохо знающие меню, приносят не то что заказываешь: негативно 
девченки: всегда очень аккуратно относятся к клиентам: положительно"
104,"Давно не была в таком ужасном месте. Обслуживание просто ни в какие рамки не лезет, офицантки просто не обращают на тебя никакого внимания, а если уж все-таки удастся кого-нибудь поймать, то на тебя смотрят с таким выражением лица.. ""ах, вам еще и принести что-то надо..."". По-поводу самой еды - ни одно блюдо восхищения не вызвало. В силу обстоятельств, была в этом ресторанчике не один раз, но как-то с каждым разом убеждаюсь в совем первом впечатлении. Однажды при заказе супа из меню официантка сказала, что следует заказать другой, так как этот скис (!!!). Интерьер - очень темный, не каждому тоже будет по вкусу. В общем, не советую ходить в это место. На той же улице есть довольно много заведений лучшего качества.","
обслуживание: ни в какие рамки не лезет: негативно
офицантки: не обращают на тебя никакого внимания: негативно
еда: восхищения не вызвало: негативно 
интерьер: очень темный: нейтрально"
105,"Заходили в субботу в 5 вечера в начале декабря. Разумеется было много народу. Заказ ждали час,то есть даже салаты нам принесли только через час,почему-то вместе с горячим. За соседним столиком перепутали заказ и после часа ожидания люди получили совсем не то,что хотели. Паста,ризотто...были неплохи. В принципе ничего выдающегося,но мы ничего и не ожидали, просто зашли пообедать. Не понравилось долгое ожидание и какая то отчужденность официанта,который просто ушел на улицу посидеть на скамеечке...в то время как мы хотели расплатиться.Посидел минут 10,поболтал с кем-то и наконец таки пришел к нам,но с таким видом типа че?не подождать что ли...вежливости и желания обслуживать гостей я у него не заметила. Уютно,тесно,с сервисом нам не повезло. Супчики вкусные. Загляну туда еще на чаек и десерт,если буду идти мимо.","
Народ: много: нейтрально 
заказ: ждали час: негативно 
салаты: принесли через час: негативно 
паста: неплохая: нейтрально 
ризотто: неплохое: нейтрально 
ожидание: долгое: негативно 
официант: отчужденный: негативно 
уют: тесный: нейтрально 
сервис: не повезло: негативно 
супчики: вкусные: положительно"
106,"Мой молодой человек как-то заказывал столик на 8 марта. Интерьер - понравился, кухня - тоже. А вот обслуживание.... то ли обслуга стремилась начать отмечать 8-е марта побыстрее (мы приехали туда около 21.30,девушка при входе сказала, что ресторан работает до 23.00, хотя ЗАРАНЕЕ, когда делалась бронь столика, НАС НИКТО НЕ ПРЕДУПРЕДИЛ, ЧТО РЕСТОРАН БУДЕТ РАБОТАТЬ ДО 23.00) Заказ принесли довольно быстро, но как только мы приступили к еде, девушка хамски попросила нас пересесть за другой столик. Я естественно, отказалась. Настроение испорчено не было (просто было неприятно), но чаевых мы не оставили. Ресторан Ваш, рекомендовать никому не буду.","
обслуживание: хамские, неприятные: негативно
интерьер: понравился: положительно
кухня: понравилась: положительно"
107,"Недавно первый раз побывала в ресторане Волна! Привходе встретила милая девушка предложила столики на выбор! Я решила выпить вина и поинтересовалась у официантки какое вином мне посоветуйте, явно меню в этом ресторане официанты не учат, ничего про вино она мне не смогла обьяснить! Выбрала бытылочку вина сама, решила попробовать салат из рукколы с печеным картофелем и гребешки со спаржей! Удивилась когда перед салатом принесли комплимент от шеф-повара, хотя мой восторг был не долгим, салат мне несли минут 40 если не больше, салат был на 4, после чего гребешки я ждала еще минут 30, десерт даже не стала заказывать! Приятная атмосфера, но не более того и на 2ом этаже очень душно!","
Официантка: не учат меню: негативно 
салат: несли минут 40: негативно 
гребешки: ждала минут 30: негативно 
атмосфера: приятная: положительно"
108,"Добрый день всем! В ресторан МИСО на московском ходим с коллегами обедать практически каждый день, обычно компания 5-6 человек, до этого инцидента мы были очень довольны кухней и обслуживанием, прекрасный интерьер и атмосфера, но в очередной наш ланч был добавлен человеческий волос!!!!!! Черный и плотный, прекрасно намотанный на кусочек мяса, который попал мне в рот. Хорошее настроение ушло вместе с аппетитом. Конечно мне предложили заменить блюдо, но желание есть больше не было! Не думаю, что в ближайшее время у меня, либо у моих коллег появится желание посещать данное заведение.","
Человеческий волос: намотанный на кусочек мяса: негативно"
110,"Отмечали день рождения, компанией из 8 человек. В общем и целом понравилось. По меню: Ценник выше среднего Небольшой выбор салатов Из блюд компаний перепробовали: соленья, кармашки с грибами и рыбой, жареный камамбер, шашлык из свинины, свинину с моцареллой и грибами, угря. Все понравилось- порции большие. По обслуживанию: Несколько медлительные официантки. Блюда несли долго и неравномерно (половина народу сидела уже с пустыми тарелками, а вторая еще даже не получила закусок). Особенно долго получилось с булочками( а они оказались очень вкусными). Рассчитываться пришлось на стойке, официантка так и не принесла счет. В принципе праздник удался и недочеты не испортили общего впечатления.","
Ценник: выше среднего: негативно 
выбор салатов: небольшой: негативно 
порции: большие: положительно 
блюда: несли долго и неравномерно: негативно 
булочки: вкусные: положительно 
Официантка: не принесла счет: негативно 
Официантки: медлительные: негативно"
111,"Приятно когда тебя встречают улыбкой аж с ""парковки"" !!!! :0))))) Попадаешь в ресторан и сразу ощущаешь хорошее настроение во всей атмосфере : интерьер, персонал, музыкальное сопровождение , свечи- цветы , все красиво, все настраивает на приятную волну . По кухне можно сказать, что уровень выдержан , отличная подача мяса , холодных закусок, десертов .... Комплимент от ресторана в виде вазочки с виноградом, очень оригинально и неожиданно , а так же вкусно :0))))) Понимая, что Постное меню трудно разнообразить , можно отметить выдержанный стиль и вкус блюд. Общее впечатление от заведения, по домашнему теплое и уютное , спасибо персоналу и создателям за чудесное место, успехов Вам и развития, добрых гостей и новых побед !!!!","
персонал: встречают улыбкой, приветливый: положительно 
интерьер: красивый, уютный: положительно 
подача блюд: отличная: положительно 
комплимент: в виде вазочки с виноградом: положительно 
общее впечатление: по домашнему теплое и уютное: положительно"
112,"Хороший свежий ресторан, обслуживание понравилось, встретили- проводили, усадили, подвинули столы.Официант девушка была очень вежливая и услужливая. Еда понравилась ,было вкусно. Что не понравилось, на что надо администрации обратить внимание: 1.Нет в карте вин, полусладкого вина. Хотя алкогольная карта очень большая. 2. Принесли ""комплимент"" от заведения, потом увидел его в счете.. Зачем при таких ценах, это делать, осталось загадкой.. Но в целом в печатление осталось хорошее, отдохнули хорошо, хотя заведение не дешевое.","
Обслуживание: понравилось, встретили-проводили, усадили, подвинули столы: положительно 
официант девушка: вежливая, услужливая: положительно 
еда: вкусно: положительно 
полусладкое вино: нет в карте вин: негативно 
комплимент: в счете: негативно
заведение: не дешевое: нейтрально"
113,"13 января 2014 г. отмечали День Рождения! нас было 5 человек, и это был понедельник! в зале сидело столика 3 вместе с нами, обслуживание-очень понравилось!наш официант в течение всего вечера подходил очень часто, узнавал все ли хорошо и не желаем ли мы чего! кальян-супер! заказывали закуски-крылья, сырные шарики, фрукты-все очень понравилось!!!несли не долго! мы остались довольны!!спасибо!придем снова к вам!!!","обслуживание: очень понравилось: положительно 
официант: подходил очень часто, узнавал все ли хорошо: положительно 
кальян: супер: положительно 
закуски: очень понравилось: положительно"
116,"Отмечали свадьбу в ресторане «Кирочный Двор». Хотелось бы сказать огромное спасибо всем сотрудникам данного заведения. Гостей вместе с нами было 47 человек, в зале было свободно и места для танцев, о котором я очень переживала, было предостаточно. Администраторы помогли нам с оформлением зала и поиском ведущих (за которых тоже большое спасибо). Меню выбрали на 1800, алкоголь нам разрешили привезти свой. Все было очень вкусно, широкий выбор блюд, большие порции, а главное гости были сыты и довольны. В общем, все прошло на 5+. Обязательно будем рекомендовать вас всем знакомым. Еще раз спасибо! Анна и Иван","
зал: свободно, места для танцев было предостаточно: положительно 
администраторы: помогли: положительно 
алкоголь: разрешили привезти свой: положительно 
блюда: вкусно, широкий выбор, большие порции: положительно 
гости: сыты, довольны: положительно"
117,"Всем добрый день! Банкетный зал открылся недавно, и мы были первыми, кто отметил там свой банкет. Отмечали мой день рождения, было 30 человек взрослых гостей, и 5 маленьких. Места хватило всем ) Для детей был выделен отдельный подиум в конце зала, для взрослых столы стояли по периметру, ну и для танцев тоже было достаточно места. По интерьеру мне понравилось то, что это уютный, светлый зал. По кухне все было вкусно, разнообразие салатов, закусок, красиво сервирован стол, блюда интересно оформлены. Обслуживание тоже понравилось, никто забыт не был, ребята хорошо справлялись со своей работой ) Пока гости собирались, их поджидал шоколадный фонтан и фрукты с шампанским ) Праздник прошел на ура, гости остались довольны, а я счастлива) спасибо огромное персоналу за работу, а так же основным организаторам банкета - Олесе и Саше) спасибо, ребята, за праздник, он удался)","
банкетный зал: недавно открылся: положительно 
интерьер: уютный, светлый: положительно 
кухня: вкусно, разнообразно: положительно 
обслуживание: хорошо справлялись: положительно 
шоколадный фонтан: поджидал гостей: положительно 
банкет: удался: положительно"
118,"Здравствуйте! 23.12.2013г.Провели корпоратив в ресторане Le Glamure(хрустальный зал) все очень понравилось, рекомендую!!Отличная кухня, обслуживание на высшем уровне,обстановка внутри как на картинке, давно такой красоты не видела=) Очень хороший, уютный ресторан. Приветливые официанты, вкусная еда и красивый интерьер.Обязательно вернемся в это место еще не раз! Отдельное спасибо Кате, нашей ведущей;)","
кухня: отличная : положительно 
обслуживание: на высшем уровне: положительно 
обстановка: как на картинке, давно такой красоты не видела: положительно 
ресторан: очень хороший, уютный: положительно 
официанты: приветливые: положительно 
еда: вкусная: положительно
интерьер: красивый: положительно"
119,"Были сегодня первый раз! Все очень понравилось. И место на диванчиках нашлось, и официантка очень приветливая, но ненавязчивая, интерьер приятный, живая музыка тоже расслабляет, вполне и под нее можно вести беседу. Обслуживание оперативное, ждать 1-2 минуты пиво, гренки чуть дольше, пиво отличное!!! я в восторге!!! обстановка очень уютная. а еще радует что недалеко от дома такое прекрасное заведение есть!!!","
место: нашлось: положительно 
официантка: приветливая, ненавязчивая: положительно 
интерьер: приятный: положительно 
музыка: живая, расслабляет: положительно 
обслуживание: оперативное: положительно 
пиво: отличное: положительно 
обстановка: уютная: положительно"
122,"Юбилей это тот повод, когда хочется собраться только своей не большой компаний в уютном заведении. Искала долго, так как по натуре достаточно привередливый человек и нашла это прекрасное кафе. Здесь есть все: интерьер, вкусные необычные блюда, вода на столе, что особенно приятно и внимательный, гостеприимный персонал, что является редкостью для нашего города. Сказать, что все остались довольны моим выбором, это ничего сказать. Теперь это наше любимое место. Спасибо Mon Petit Cafe за праздник.","
блюда: вкусные, необычные: положительно 
вода: на столе: положительно 
персонал: приятный, гостеприимный: положительно"
124,"Праздновали здесь юбилей подруги. Довольны очень! Великолепный вид на залив из окна, сине-белый интерьер зала создают ощущение уюта и чистоты. Прекрасная атмосфера, уютно и тепло (в том числе на душе!), отличное обслуживание Что касается кухни - вкусно. Очень! Соотношение цена/качество разумное. Живая музыка порадовала, девушка-певица понравилась очень. И потанцевали с удовольствием, и просто послушали. Замечательно провели время, обязательно будем заходить и без повода. Спасибо.","
вид на залив: великолепный: положительно 
интерьер: уютный, чистый: положительно 
обслуживание: отличное: положительно 
кухня: вкусно, соотношение цена/качество разумное: положительно 
музыка: живая, понравилась: положительно"
125,"Иногда захожу в это местечко выпить пива с друзьями или вдвоем с подругой. По пятницам и выходным народу всегда много, мест просто нет, приходится садиться за столик маленький у окна, не совсем удобный, но если выбора нет-сойдет. Поэтому если собираемся идти вдвоем, заказываю столик этот у окна, потому что заказать обычный столик депозит на 3000 рублей, дороговато, обычно счет выходит у нас по 1 тысячи на человека с пивом и едой. Пиво вкусное, как правило беру вайнштефан светлое - уже классика, иногда пробую что-то новое. Еда в целом вкусная, претензий нет, порции адекватные. Обслуживание когда как, иногда хромает, зависит от официантки, на мой взгляд официант всегда должен быть приветлив и доброжелателен-от этого и зависит моя оценка. В целом хорошее место, удобное по расположению в центре города прямо у метро, советую.","
по пятницам и выходным: много народу: нейтрально
столик у окна: не совсем удобный: негативно
пиво: вкусное: положительно 
еда: вкусная: положительно 
порции: адекватные: нейтрально
обслуживание: когда как: нейтрально 
место: удобное: положительно"
126,"Готовясь идти с любимой в этот ресторан, что бы встретиться с друзьями ожидал худшего, во многом благодаря коментариям здесь. Но как оказалось все опасения были напрасными - ресторан просто замечательный! Интерьер, кухня, персонал - все на уровне. Удивило и почти мгновенно принесенный заказ и порции, не огромные, но вполне себе большие. Музыка и улыбчивая официантка тоже порадовали. В итоге скушав 3 салата, рыбу, курицу, свинину, закусывая ушами и чипсами, да запивая пивом, морсами и соком мы очень хорошо отдохнули и получили кучу приятных эмоций, оставив всего 2 с маленьким тысячи на четверых, хотя я расчитывал потратить раза два больше, и рад бы, но больше в нас у же не лезло =) В общем рекомендую! Замечательный ресторан, замечательная кухня и обслуживание на высоте!","
ресторан: замечательный: положительно 
интерьер: на уровне: нейтрально
кухня: на уровне: нейтрально
персонал: на уровне: нейтрально
порции: не огромные, вполне себе большие: положительно
официантка: улыбчивая: положительно
кухня: замечательная: положительно 
обслуживание: на высоте: положительно"
127,"А помоему, очень приличное заведение. Очень порадовала живая музыка. Были на концерте группы ""Сегодня ночью"". Потрясающе. Ребята, как оказалось, зажигать умеют на все 100!. Публика от мала до велмка отрывалась весь вечер Но за эо уже большое спасибо лично им, хотя и администрацию бара тоже есть за что поблагодарить-концерт был совершенно бесплатный! Еще там очень пикольный бармен- внешне напоминает повара из мультиков! На обслуживание тоже не жалуюсь, хотя и идеальным пока назвать сложным. На концерте официантку было не дождаться, видимо сказывалась большая сумотоха вокруг. Конечно, не могу не отметить пиво! за него бы отдельно ввела шкалу и поставила 11...из 10! то есть больше, чем отлично! Да и цены для заведения такого уровня не могут не радовать-настоящее пиво от 100 руб. Вобщем хочется сказать ОГРОМНОЕ СПАСИБО администрации! Так держать:)","
живая музыка: очень порадовала: положительно 
бармен: пикольный: положительно 
обслуживание: не жалуюсь, идеальным пока назвать сложным: нейтрально
официантка: было не дождаться: негативно
пиво: за него бы отдельно ввела шкалу и поставила 11...из 10!: положительно
цены: не могут не радовать: положительно"
128,"Отличный ресторан или скорее кафе. Очень уютная обстановка, хороший персонал, приятный интерьер. Чем-то напоминает кафитерий из сериала ""Друзья"", не дизайном, а скорее уютом, куда хочется приходить компанией или одному скромно посидеть в спокойствии и почитать книгу. Из минусов - шумный лифт который возит еду из кухни, которая на первом этаже, хотя идея интересная. Ну и для кого-то минус, а для меня плюс, хозяин заведения против алкоголя и в его заведениях он не продается принципиально. Но если заказывать банкет, то можно прийти со своим, но при условии, что есть чеки. Видно что недавно открылся, надеюсь что со временем будет только становиться лучше.","
ресторан: отличный: положительно
обстановка: очень уютная: положительно
персонал: хороший: положительно 
интерьер: приятный: положительно 
лифт: шумный: негативно 
хозяин заведения: против алкоголя: положительно"